Виріб,Вид виробу,Тип,Вартість,Валюта,Од виміру,Коміссія майстра,,,,,,,,,,,,,,,,Постачальник / Прайс,Фото/ Описание,Города,Отправка из,,,,Роздрібна вартість PWS,,,,
Жалюзі горизонтальні,Стандарт 25 мм,Білі,"8,5",$,м2,"365,5",,,,,,,,,,,,,,,,JB,фото,,,,,,Жалюзі горизонтальні,Стандарт 16 мм,Жалюзі горизонтальні,Стандарт 16 мм,Білі
Жалюзі горизонтальні,Стандарт 25 мм,Кольорові,"11,5",$,м2,"494,5",,,,,,,,,,,,,,,,JB,фото,,,,,,Жалюзі горизонтальні,Стандарт 16 мм,Жалюзі горизонтальні,Стандарт 16 мм,Кольорові
Жалюзі горизонтальні,Стандарт 25 мм,"Двокольорові, Комбіновані","12,5",$,м2,"537,5",,,,,,,,,,,,,,,,JB,фото,,,,,,Жалюзі горизонтальні,Стандарт 16 мм,Жалюзі горизонтальні,Стандарт 16 мм,"Двокольорові, Комбіновані"
Жалюзі горизонтальні,Стандарт 25 мм,"Перфоровані, Перламутрові","19,5",$,м2,"838,5",,,,,,,,,,,,,,,,JB,фото,,,,,,Жалюзі горизонтальні,Стандарт 16 мм,Жалюзі горизонтальні,Стандарт 16 мм,Ламінація під дерево
Жалюзі горизонтальні,Стандарт 25 мм,Ламінація під дерево,"25,5",$,м2,"1096,5",,,,,,,,,,,,,,,,JB,фото,,,,,,Жалюзі горизонтальні,Стандарт 16 мм,Жалюзі горизонтальні,Стандарт 16 мм,Жалюзі на струні (металева комплектація Білі)
Жалюзі горизонтальні,Стандарт 25 мм,Леопардові,"25,5",$,м2,"1096,5",,,,,,,,,,,,,,,,JB,фото,,,,,,Жалюзі горизонтальні,Стандарт 16 мм,Жалюзі горизонтальні,Стандарт 16 мм,Жалюзі на струні (металева комплектація Коричневі)
Жалюзі горизонтальні,Стандарт 25 мм,Жалюзі на струні (металева комплектація Білі),"12,5",$,м2,"537,5",,,,,,,,,,,,,,,,JB,фото,,,,,,,,,,
Жалюзі горизонтальні,Стандарт 25 мм,Жалюзі на струні (металева комплектація Коричневі),"12,5",$,м2,"537,5",,,,,,,,,,,,,,,,JB,фото,,,,,,,,,,
Жалюзі горизонтальні,Стандарт 16 мм,Білі,15,$,м2,645,,,,,,,,,,,,,,,,JB,фото,,,,,,,,,,
Жалюзі горизонтальні,Стандарт 16 мм,Кольорові,16,$,м2,688,,,,,,,,,,,,,,,,JB,фото,,,,,,,,,,
Жалюзі горизонтальні,Стандарт 16 мм,"Двокольорові, Комбіновані",17,$,м2,731,,,,,,,,,,,,,,,,JB,фото,,,,,,,,,,
Жалюзі горизонтальні,Стандарт 16 мм,Ламінація під дерево,30,$,м2,1290,,,,,,,,,,,,,,,,JB,фото,,,,,,,,,,
Жалюзі горизонтальні,Стандарт 16 мм,Жалюзі на струні (металева комплектація Білі),19,$,м2,817,,,,,,,,,,,,,,,,JB,фото,,,,,,,,,,
Жалюзі горизонтальні,Стандарт 16 мм,Жалюзі на струні (металева комплектація Коричневі),20,$,м2,860,,,,,,,,,,,,,,,,JB,фото,,,,,,,,,,
Жалюзі горизонтальні,Венус Стандарт 25 мм,Білі,20,$,м2,860,,,,,,,,,,,,,,,,JB,фото,,,,,,,,,,
Жалюзі горизонтальні,Венус Стандарт 25 мм,Кольорові,22,$,м2,946,,,,,,,,,,,,,,,,JB,фото,,,,,,,,,,
Жалюзі горизонтальні,Венус Стандарт 25 мм,"Двокольорові, Комбіновані",23,$,м2,989,,,,,,,,,,,,,,,,JB,фото,,,,,,,,,,
Жалюзі горизонтальні,Венус Стандарт 25 мм,"Перфоровані, Перламутрові","27,5",$,м2,"1182,5",,,,,,,,,,,,,,,,JB,фото,,,,,,,,,,
Жалюзі горизонтальні,Венус Стандарт 25 мм,Ламінація під дерево,36,$,м2,1548,,,,,,,,,,,,,,,,JB,фото,,,,,,,,,,
Жалюзі горизонтальні,Венус Стандарт 25 мм,Леопардові,36,$,м2,1548,,,,,,,,,,,,,,,,JB,фото,,,,,,,,,,
Жалюзі горизонтальні,Венус Повне затемнення 25 мм,Білі,22,$,м2,946,,,,,,,,,,,,,,,,JB,фото,,,,,,,,,,
Жалюзі горизонтальні,Венус Повне затемнення 25 мм,Кольорові,"23,5",$,м2,"1010,5",,,,,,,,,,,,,,,,JB,фото,,,,,,,,,,
Жалюзі горизонтальні,Венус Повне затемнення 25 мм,"Двокольорові, Комбіновані",25,$,м2,1075,,,,,,,,,,,,,,,,JB,фото,,,,,,,,,,
Жалюзі горизонтальні,Венус Повне затемнення 25 мм,"Перфоровані, Перламутрові",30,$,м2,1290,,,,,,,,,,,,,,,,JB,фото,,,,,,,,,,
Жалюзі горизонтальні,Венус Повне затемнення 25 мм,Ламінація під дерево,38,$,м2,1634,,,,,,,,,,,,,,,,JB,фото,,,,,,,,,,
Жалюзі горизонтальні,Венус Повне затемнення 25 мм,Леопардові,38,$,м2,1634,,,,,,,,,,,,,,,,JB,фото,,,,,,,,,,
Жалюзі горизонтальні,Венус Стандарт 16 мм,Білі,24,$,м2,1032,,,,,,,,,,,,,,,,JB,фото,,,,,,,,,,
Жалюзі горизонтальні,Венус Стандарт 16 мм,Кольорові,26,$,м2,1118,,,,,,,,,,,,,,,,JB,фото,,,,,,,,,,
Жалюзі горизонтальні,Венус Стандарт 16 мм,"Двокольорові, Комбіновані",28,$,м2,1204,,,,,,,,,,,,,,,,JB,фото,,,,,,,,,,
Жалюзі горизонтальні,Венус Стандарт 16 мм,Ламінація під дерево,39,$,м2,1677,,,,,,,,,,,,,,,,JB,фото,,,,,,,,,,